Metric,Value
Accuracy,0.41824440619621345
Precision,0.41824440619621345
Recall,1.0
F1 Score,0.5898058252427185
