Parameter,Value,Simulation,Accuracy,Precision,Recall,F1 Score
restitution,0.31,1,0.761168384879725,0.926229508196721,0.465020576131687,0.619178082191781
restitution,0.41,2,0.793814432989691,0.969465648854962,0.522633744855967,0.679144385026738
restitution,0.51,3,0.809278350515464,0.971428571428571,0.559670781893004,0.710182767624021
restitution,0.55,4,0.821305841924399,0.966442953020134,0.592592592592593,0.73469387755102
